,LCLC,LCLC.DATA,LUAD,LUAD.DATA,LUSC,LUSC.DATA,NSCLC,NSCLC.DATA,SCLC,SCLC.DATA
0,KEGG_MEDICUS_REFERENCE_TRANSLATION_INITIATION,50.515744,KEGG_MEDICUS_REFERENCE_TRANSLATION_INITIATION,49.375167,KEGG_MEDICUS_REFERENCE_TRANSLATION_INITIATION,49.33839,KEGG_MEDICUS_REFERENCE_TRANSLATION_INITIATION,50.489231,KEGG_MEDICUS_REFERENCE_TRANSLATION_INITIATION,50.619186
1,KEGG_MEDICUS_REFERENCE_MITOCHONDRIAL_COMPLEX_UCP1_IN_THERMOGENESIS,25.063056,KEGG_MEDICUS_REFERENCE_MITOCHONDRIAL_COMPLEX_UCP1_IN_THERMOGENESIS,24.416106,KEGG_MEDICUS_REFERENCE_MITOCHONDRIAL_COMPLEX_UCP1_IN_THERMOGENESIS,26.172294,KEGG_MEDICUS_REFERENCE_MITOCHONDRIAL_COMPLEX_UCP1_IN_THERMOGENESIS,25.850638,KEGG_MEDICUS_VARIANT_MUTATION_CAUSED_ABERRANT_ABETA_TO_ELECTRON_TRANSFER_IN_COMPLEX_I,26.232159
2,KEGG_MEDICUS_VARIANT_MUTATION_CAUSED_ABERRANT_TDP43_TO_ELECTRON_TRANSFER_IN_COMPLEX_I,24.489819,KEGG_MEDICUS_VARIANT_MUTATION_CAUSED_ABERRANT_TDP43_TO_ELECTRON_TRANSFER_IN_COMPLEX_I,23.972946,KEGG_MEDICUS_VARIANT_MUTATION_CAUSED_ABERRANT_TDP43_TO_ELECTRON_TRANSFER_IN_COMPLEX_I,24.292782,KEGG_MEDICUS_VARIANT_MUTATION_CAUSED_ABERRANT_TDP43_TO_ELECTRON_TRANSFER_IN_COMPLEX_I,25.129429,KEGG_MEDICUS_REFERENCE_MITOCHONDRIAL_COMPLEX_UCP1_IN_THERMOGENESIS,25.798536
3,KEGG_MEDICUS_VARIANT_MUTATION_INACTIVATED_PINK1_TO_ELECTRON_TRANSFER_IN_COMPLEX_I,24.157273,KEGG_MEDICUS_VARIANT_MUTATION_INACTIVATED_PINK1_TO_ELECTRON_TRANSFER_IN_COMPLEX_I,23.537881,KEGG_MEDICUS_REFERENCE_ELECTRON_TRANSFER_IN_COMPLEX_I,23.76887,KEGG_MEDICUS_VARIANT_MUTATION_INACTIVATED_PINK1_TO_ELECTRON_TRANSFER_IN_COMPLEX_I,24.824955,KEGG_MEDICUS_VARIANT_MUTATION_CAUSED_ABERRANT_TDP43_TO_ELECTRON_TRANSFER_IN_COMPLEX_I,25.728577
4,KEGG_MEDICUS_REFERENCE_ELECTRON_TRANSFER_IN_COMPLEX_I,23.971258,KEGG_MEDICUS_REFERENCE_ELECTRON_TRANSFER_IN_COMPLEX_I,23.435029,KEGG_MEDICUS_VARIANT_MUTATION_INACTIVATED_PINK1_TO_ELECTRON_TRANSFER_IN_COMPLEX_I,23.656637,KEGG_MEDICUS_REFERENCE_ELECTRON_TRANSFER_IN_COMPLEX_I,24.564539,KEGG_MEDICUS_VARIANT_MUTATION_CAUSED_ABERRANT_SNCA_TO_ELECTRON_TRANSFER_IN_COMPLEX_I,25.212553
5,KEGG_MEDICUS_VARIANT_MUTATION_CAUSED_ABERRANT_ABETA_TO_ELECTRON_TRANSFER_IN_COMPLEX_I,23.721283,KEGG_MEDICUS_VARIANT_MUTATION_CAUSED_ABERRANT_ABETA_TO_ELECTRON_TRANSFER_IN_COMPLEX_I,22.646342,KEGG_MEDICUS_VARIANT_MUTATION_CAUSED_ABERRANT_SNCA_TO_ELECTRON_TRANSFER_IN_COMPLEX_I,23.263359,KEGG_MEDICUS_VARIANT_MUTATION_CAUSED_ABERRANT_ABETA_TO_ELECTRON_TRANSFER_IN_COMPLEX_I,24.012609,KEGG_MEDICUS_VARIANT_MUTATION_INACTIVATED_PINK1_TO_ELECTRON_TRANSFER_IN_COMPLEX_I,25.159662
6,KEGG_MEDICUS_VARIANT_MUTATION_CAUSED_ABERRANT_SNCA_TO_ELECTRON_TRANSFER_IN_COMPLEX_I,23.122904,KEGG_MEDICUS_VARIANT_MUTATION_CAUSED_ABERRANT_SNCA_TO_ELECTRON_TRANSFER_IN_COMPLEX_I,22.587252,KEGG_MEDICUS_VARIANT_MUTATION_CAUSED_ABERRANT_ABETA_TO_ELECTRON_TRANSFER_IN_COMPLEX_I,23.234671,KEGG_MEDICUS_VARIANT_MUTATION_CAUSED_ABERRANT_SNCA_TO_ELECTRON_TRANSFER_IN_COMPLEX_I,23.851424,KEGG_MEDICUS_REFERENCE_ELECTRON_TRANSFER_IN_COMPLEX_I,25.155214
7,KEGG_MEDICUS_VARIANT_MUTATION_CAUSED_ABERRANT_SOD1_TO_26S_PROTEASOME_MEDIATED_PROTEIN_DEGRADATION,21.604145,KEGG_MEDICUS_VARIANT_MUTATION_CAUSED_ABERRANT_SOD1_TO_26S_PROTEASOME_MEDIATED_PROTEIN_DEGRADATION,21.264305,KEGG_MEDICUS_VARIANT_MUTATION_CAUSED_ABERRANT_SOD1_TO_26S_PROTEASOME_MEDIATED_PROTEIN_DEGRADATION,21.439901,KEGG_MEDICUS_VARIANT_MUTATION_CAUSED_ABERRANT_SOD1_TO_26S_PROTEASOME_MEDIATED_PROTEIN_DEGRADATION,21.249209,KEGG_MEDICUS_VARIANT_MUTATION_CAUSED_ABERRANT_SOD1_TO_26S_PROTEASOME_MEDIATED_PROTEIN_DEGRADATION,20.917165
8,KEGG_MEDICUS_VARIANT_MUTATION_INACTIVATED_VCP_TO_26S_PROTEASOME_MEDIATED_PROTEIN_DEGRADATION,21.113595,KEGG_MEDICUS_VARIANT_MUTATION_INACTIVATED_VCP_TO_26S_PROTEASOME_MEDIATED_PROTEIN_DEGRADATION,20.853736,KEGG_MEDICUS_VARIANT_MUTATION_INACTIVATED_VCP_TO_26S_PROTEASOME_MEDIATED_PROTEIN_DEGRADATION,21.041437,KEGG_MEDICUS_VARIANT_MUTATION_INACTIVATED_VCP_TO_26S_PROTEASOME_MEDIATED_PROTEIN_DEGRADATION,20.791723,KEGG_MEDICUS_VARIANT_MUTATION_INACTIVATED_VCP_TO_26S_PROTEASOME_MEDIATED_PROTEIN_DEGRADATION,20.51252
9,KEGG_MEDICUS_REFERENCE_26S_PROTEASOME_MEDIATED_PROTEIN_DEGRADATION,20.510571,KEGG_MEDICUS_VARIANT_MUTATION_INACTIVATED_UBQLN2_TO_26S_PROTEASOME_MEDIATED_PROTEIN_DEGRADATION,20.295983,KEGG_MEDICUS_REFERENCE_26S_PROTEASOME_MEDIATED_PROTEIN_DEGRADATION,20.481567,KEGG_MEDICUS_REFERENCE_26S_PROTEASOME_MEDIATED_PROTEIN_DEGRADATION,20.25569,KEGG_MEDICUS_PATHOGEN_SARS_COV_2_NSP1_TO_TRANSLATION_INITIATION,20.199541
10,KEGG_MEDICUS_VARIANT_MUTATION_INACTIVATED_UBQLN2_TO_26S_PROTEASOME_MEDIATED_PROTEIN_DEGRADATION,20.475333,KEGG_MEDICUS_REFERENCE_26S_PROTEASOME_MEDIATED_PROTEIN_DEGRADATION,20.291431,KEGG_MEDICUS_VARIANT_MUTATION_INACTIVATED_UBQLN2_TO_26S_PROTEASOME_MEDIATED_PROTEIN_DEGRADATION,20.357671,KEGG_MEDICUS_VARIANT_MUTATION_INACTIVATED_UBQLN2_TO_26S_PROTEASOME_MEDIATED_PROTEIN_DEGRADATION,20.152069,KEGG_MEDICUS_REFERENCE_26S_PROTEASOME_MEDIATED_PROTEIN_DEGRADATION,19.938193
11,KEGG_MEDICUS_PATHOGEN_SARS_COV_2_NSP1_TO_TRANSLATION_INITIATION,19.986431,KEGG_MEDICUS_PATHOGEN_SARS_COV_2_NSP1_TO_TRANSLATION_INITIATION,18.971459,KEGG_MEDICUS_PATHOGEN_SARS_COV_2_NSP1_TO_TRANSLATION_INITIATION,19.024869,KEGG_MEDICUS_PATHOGEN_SARS_COV_2_NSP1_TO_TRANSLATION_INITIATION,19.994537,KEGG_MEDICUS_VARIANT_MUTATION_INACTIVATED_UBQLN2_TO_26S_PROTEASOME_MEDIATED_PROTEIN_DEGRADATION,19.908861
12,KEGG_MEDICUS_VARIANT_MUTATION_CAUSED_ABERRANT_ABETA_TO_26S_PROTEASOME_MEDIATED_PROTEIN_DEGRADATION,18.57497,KEGG_MEDICUS_VARIANT_MUTATION_CAUSED_ABERRANT_ABETA_TO_26S_PROTEASOME_MEDIATED_PROTEIN_DEGRADATION,18.348975,KEGG_MEDICUS_VARIANT_MUTATION_CAUSED_ABERRANT_ABETA_TO_26S_PROTEASOME_MEDIATED_PROTEIN_DEGRADATION,18.524288,KEGG_MEDICUS_VARIANT_MUTATION_CAUSED_ABERRANT_ABETA_TO_26S_PROTEASOME_MEDIATED_PROTEIN_DEGRADATION,18.310856,KEGG_MEDICUS_VARIANT_MUTATION_CAUSED_ABERRANT_ABETA_TO_26S_PROTEASOME_MEDIATED_PROTEIN_DEGRADATION,17.990515
13,KEGG_MEDICUS_VARIANT_SCRAPIE_CONFORMATION_PRPSC_TO_26S_PROTEASOME_MEDIATED_PROTEIN_DEGRADATION,18.510723,KEGG_MEDICUS_VARIANT_SCRAPIE_CONFORMATION_PRPSC_TO_26S_PROTEASOME_MEDIATED_PROTEIN_DEGRADATION,18.293316,KEGG_MEDICUS_VARIANT_SCRAPIE_CONFORMATION_PRPSC_TO_26S_PROTEASOME_MEDIATED_PROTEIN_DEGRADATION,18.438269,KEGG_MEDICUS_VARIANT_SCRAPIE_CONFORMATION_PRPSC_TO_26S_PROTEASOME_MEDIATED_PROTEIN_DEGRADATION,18.170947,KEGG_MEDICUS_VARIANT_SCRAPIE_CONFORMATION_PRPSC_TO_26S_PROTEASOME_MEDIATED_PROTEIN_DEGRADATION,17.541823
14,KEGG_MEDICUS_VARIANT_MUTATION_CAUSED_ABERRANT_HTT_TO_26S_PROTEASOME_MEDIATED_PROTEIN_DEGRADATION,17.930229,KEGG_MEDICUS_VARIANT_MUTATION_CAUSED_ABERRANT_HTT_TO_26S_PROTEASOME_MEDIATED_PROTEIN_DEGRADATION,17.709212,KEGG_MEDICUS_VARIANT_MUTATION_CAUSED_ABERRANT_HTT_TO_26S_PROTEASOME_MEDIATED_PROTEIN_DEGRADATION,17.964875,KEGG_MEDICUS_VARIANT_MUTATION_CAUSED_ABERRANT_HTT_TO_26S_PROTEASOME_MEDIATED_PROTEIN_DEGRADATION,17.683191,KEGG_MEDICUS_VARIANT_MUTATION_CAUSED_ABERRANT_SNCA_TO_26S_PROTEASOME_MEDIATED_PROTEIN_DEGRADATION,17.490548
15,KEGG_MEDICUS_VARIANT_MUTATION_CAUSED_ABERRANT_SNCA_TO_26S_PROTEASOME_MEDIATED_PROTEIN_DEGRADATION,17.166288,KEGG_MEDICUS_VARIANT_MUTATION_CAUSED_ABERRANT_SNCA_TO_26S_PROTEASOME_MEDIATED_PROTEIN_DEGRADATION,16.938322,KEGG_MEDICUS_VARIANT_MUTATION_CAUSED_ABERRANT_SNCA_TO_26S_PROTEASOME_MEDIATED_PROTEIN_DEGRADATION,17.467151,KEGG_MEDICUS_VARIANT_MUTATION_CAUSED_ABERRANT_SNCA_TO_26S_PROTEASOME_MEDIATED_PROTEIN_DEGRADATION,17.058876,KEGG_MEDICUS_VARIANT_MUTATION_CAUSED_ABERRANT_HTT_TO_26S_PROTEASOME_MEDIATED_PROTEIN_DEGRADATION,17.407754
16,KEGG_MEDICUS_REFERENCE_TRANSCRIPTION_COUPLED_NER,9.460724,KEGG_MEDICUS_REFERENCE_TRANSCRIPTION_COUPLED_NER,8.398923,KEGG_MEDICUS_REFERENCE_TRANSCRIPTION_COUPLED_NER,9.129254,KEGG_MEDICUS_REFERENCE_ORIGIN_UNWINDING_AND_ELONGATION,8.589264,KEGG_MEDICUS_REFERENCE_ORIGIN_UNWINDING_AND_ELONGATION,10.795033
17,KEGG_MEDICUS_REFERENCE_ARNO_ARF_ACTB_G_SIGNALING_PATHWAY,8.837968,KEGG_MEDICUS_REFERENCE_COPI_VESICLE_FORMATION,8.331473,KEGG_MEDICUS_REFERENCE_ORIGIN_UNWINDING_AND_ELONGATION,8.697279,KEGG_MEDICUS_REFERENCE_TRANSCRIPTION_COUPLED_NER,8.317708,KEGG_MEDICUS_REFERENCE_DYNEIN_RECRUITMENT_TO_THE_KINETOCHORE,9.121519
18,KEGG_MEDICUS_PATHOGEN_SALMONELLA_SOPE_TO_RAC_SIGNALING_PATHWAY,8.786285,KEGG_MEDICUS_REFERENCE_NUCLEAR_EXPORT_OF_MRNA,8.025886,KEGG_MEDICUS_REFERENCE_COPI_VESICLE_FORMATION,8.611844,KEGG_MEDICUS_REFERENCE_NUCLEAR_EXPORT_OF_MRNA,8.052587,KEGG_MEDICUS_REFERENCE_NUCLEAR_EXPORT_OF_MRNA,9.10802
19,KEGG_MEDICUS_REFERENCE_NUCLEAR_EXPORT_OF_MRNA,8.774408,KEGG_MEDICUS_PATHOGEN_ESCHERICHIA_ESPT_TO_RAC_SIGNALING_PATHWAY,8.011056,KEGG_MEDICUS_REFERENCE_NUCLEAR_EXPORT_OF_MRNA,8.519968,KEGG_MEDICUS_REFERENCE_COPI_VESICLE_FORMATION,8.03228,KEGG_MEDICUS_PATHOGEN_SALMONELLA_SOPE_TO_RAC_SIGNALING_PATHWAY,8.940511
20,KEGG_MEDICUS_REFERENCE_ORIGIN_UNWINDING_AND_ELONGATION,8.592885,KEGG_MEDICUS_REFERENCE_ARNO_ARF_ACTB_G_SIGNALING_PATHWAY,7.987334,KEGG_MEDICUS_REFERENCE_ARNO_ARF_ACTB_G_SIGNALING_PATHWAY,8.311317,KEGG_MEDICUS_PATHOGEN_SALMONELLA_SOPE_TO_RAC_SIGNALING_PATHWAY,7.803747,KEGG_MEDICUS_REFERENCE_ARNO_ARF_ACTB_G_SIGNALING_PATHWAY,8.773265
21,KEGG_MEDICUS_PATHOGEN_ESCHERICHIA_ESPT_TO_RAC_SIGNALING_PATHWAY,8.224011,KEGG_MEDICUS_PATHOGEN_SHIGELLA_IPAC_TO_ACTIN_SIGNALING_PATHWAY,7.879485,KEGG_MEDICUS_PATHOGEN_SALMONELLA_SOPE_TO_RAC_SIGNALING_PATHWAY,8.085546,KEGG_MEDICUS_REFERENCE_DNA_REPLICATION_TERMINATION,7.756416,KEGG_MEDICUS_REFERENCE_DNA_REPLICATION_TERMINATION,8.516627
22,KEGG_MEDICUS_REFERENCE_COPI_VESICLE_FORMATION,8.190409,KEGG_MEDICUS_PATHOGEN_SALMONELLA_SOPE_TO_RAC_SIGNALING_PATHWAY,7.716763,KEGG_MEDICUS_REFERENCE_DNA_REPLICATION_TERMINATION,7.866415,KEGG_MEDICUS_REFERENCE_MISMATCH_REPAIR,7.624236,KEGG_MEDICUS_REFERENCE_TRANSCRIPTION_COUPLED_NER,8.032727
23,KEGG_MEDICUS_REFERENCE_DYNEIN_RECRUITMENT_TO_THE_KINETOCHORE,8.058567,KEGG_MEDICUS_PATHOGEN_ESCHERICHIA_MAP_TO_CDC42_SIGNALING_PATHWAY,7.502874,KEGG_MEDICUS_PATHOGEN_ESCHERICHIA_ESPT_TO_RAC_SIGNALING_PATHWAY,7.824682,KEGG_MEDICUS_PATHOGEN_ESCHERICHIA_ESPT_TO_RAC_SIGNALING_PATHWAY,7.553114,KEGG_MEDICUS_REFERENCE_MISMATCH_REPAIR,7.864984
24,KEGG_MEDICUS_PATHOGEN_SHIGELLA_IPGD_TO_ARNO_ARF_ACTB_G_SIGNALING_PATHWAY,8.045404,KEGG_MEDICUS_PATHOGEN_ESCHERICHIA_EAE_TIR_TCCP_TO_ACTIN_SIGNALING_PATHWAY,7.401761,KEGG_MEDICUS_PATHOGEN_SHIGELLA_IPAC_TO_ACTIN_SIGNALING_PATHWAY,7.814665,KEGG_MEDICUS_REFERENCE_ARNO_ARF_ACTB_G_SIGNALING_PATHWAY,7.476074,KEGG_MEDICUS_REFERENCE_RAB7_REGULATED_MICROTUBULE_MINUS_END_DIRECTED_TRANSPORT,7.838665
25,KEGG_MEDICUS_PATHOGEN_ESCHERICHIA_MAP_TO_CDC42_SIGNALING_PATHWAY,7.752761,KEGG_MEDICUS_REFERENCE_DYNEIN_RECRUITMENT_TO_THE_KINETOCHORE,7.036484,KEGG_MEDICUS_REFERENCE_DYNEIN_RECRUITMENT_TO_THE_KINETOCHORE,7.702003,KEGG_MEDICUS_PATHOGEN_ESCHERICHIA_MAP_TO_CDC42_SIGNALING_PATHWAY,7.3004,KEGG_MEDICUS_REFERENCE_PRE_IC_FORMATION,7.579865
26,KEGG_MEDICUS_PATHOGEN_SALMONELLA_SOPB_TO_ARNO_ARF_ACTB_G_SIGNALING_PATHWAY,7.717182,KEGG_MEDICUS_REFERENCE_ASSEMBLY_AND_TRAFFICKING_OF_TELOMERASE,6.990967,KEGG_MEDICUS_PATHOGEN_ESCHERICHIA_MAP_TO_CDC42_SIGNALING_PATHWAY,7.453769,KEGG_MEDICUS_REFERENCE_DYNEIN_RECRUITMENT_TO_THE_KINETOCHORE,7.279686,KEGG_MEDICUS_PATHOGEN_SHIGELLA_IPGD_TO_ARNO_ARF_ACTB_G_SIGNALING_PATHWAY,7.546467
27,KEGG_MEDICUS_PATHOGEN_SHIGELLA_IPAC_TO_ACTIN_SIGNALING_PATHWAY,7.672284,KEGG_MEDICUS_REFERENCE_ORIGIN_UNWINDING_AND_ELONGATION,6.938674,KEGG_MEDICUS_PATHOGEN_ESCHERICHIA_EAE_TIR_TCCP_TO_ACTIN_SIGNALING_PATHWAY,7.415521,KEGG_MEDICUS_PATHOGEN_ESCHERICHIA_EAE_TIR_TCCP_TO_ACTIN_SIGNALING_PATHWAY,7.09188,KEGG_MEDICUS_PATHOGEN_SHIGELLA_IPAC_TO_ACTIN_SIGNALING_PATHWAY,7.377779
28,KEGG_MEDICUS_PATHOGEN_ESCHERICHIA_EAE_TIR_TCCP_TO_ACTIN_SIGNALING_PATHWAY,7.570238,KEGG_MEDICUS_PATHOGEN_SHIGELLA_IPGD_TO_ARNO_ARF_ACTB_G_SIGNALING_PATHWAY,6.882594,KEGG_MEDICUS_PATHOGEN_SHIGELLA_IPGD_TO_ARNO_ARF_ACTB_G_SIGNALING_PATHWAY,7.243426,KEGG_MEDICUS_REFERENCE_ASSEMBLY_AND_TRAFFICKING_OF_TELOMERASE,6.90251,KEGG_MEDICUS_PATHOGEN_ESCHERICHIA_ESPT_TO_RAC_SIGNALING_PATHWAY,7.344029
29,KEGG_MEDICUS_REFERENCE_ASSEMBLY_AND_TRAFFICKING_OF_TELOMERASE,7.494817,KEGG_MEDICUS_REFERENCE_EGF_EGFR_ACTIN_SIGNALING_PATHWAY,6.624918,KEGG_MEDICUS_REFERENCE_ASSEMBLY_AND_TRAFFICKING_OF_TELOMERASE,7.134714,KEGG_MEDICUS_PATHOGEN_SHIGELLA_IPAC_TO_ACTIN_SIGNALING_PATHWAY,6.793131,KEGG_MEDICUS_PATHOGEN_ESCHERICHIA_MAP_TO_CDC42_SIGNALING_PATHWAY,7.229589
30,KEGG_MEDICUS_REFERENCE_DNA_REPLICATION_TERMINATION,7.111173,KEGG_MEDICUS_PATHOGEN_SALMONELLA_SOPB_TO_ARNO_ARF_ACTB_G_SIGNALING_PATHWAY,6.619796,KEGG_MEDICUS_PATHOGEN_SALMONELLA_SOPB_TO_ARNO_ARF_ACTB_G_SIGNALING_PATHWAY,6.936962,KEGG_MEDICUS_PATHOGEN_SALMONELLA_SOPB_TO_ARNO_ARF_ACTB_G_SIGNALING_PATHWAY,6.556526,KEGG_MEDICUS_PATHOGEN_SALMONELLA_SOPB_TO_ARNO_ARF_ACTB_G_SIGNALING_PATHWAY,7.038523
31,KEGG_MEDICUS_REFERENCE_RAB7_REGULATED_MICROTUBULE_MINUS_END_DIRECTED_TRANSPORT,6.738328,KEGG_MEDICUS_REFERENCE_DNA_REPLICATION_TERMINATION,6.476761,KEGG_MEDICUS_REFERENCE_MISMATCH_REPAIR,6.932262,KEGG_MEDICUS_REFERENCE_PRE_IC_FORMATION,6.473742,KEGG_MEDICUS_REFERENCE_ASSEMBLY_AND_TRAFFICKING_OF_TELOMERASE,7.007934
32,KEGG_MEDICUS_REFERENCE_MISMATCH_REPAIR,6.502508,KEGG_MEDICUS_REFERENCE_MISMATCH_REPAIR,6.313314,KEGG_MEDICUS_REFERENCE_PRE_IC_FORMATION,6.88992,KEGG_MEDICUS_REFERENCE_ELECTRON_TRANSFER_IN_COMPLEX_III,6.395406,KEGG_MEDICUS_REFERENCE_DNA_REPLICATION_LICENSING,6.886392
33,KEGG_MEDICUS_REFERENCE_SPINDLE_ASSEMBLY_CHECKPOINT_SIGNALING,6.418728,KEGG_MEDICUS_REFERENCE_ELECTRON_TRANSFER_IN_COMPLEX_III,5.840442,KEGG_MEDICUS_REFERENCE_EGF_EGFR_ACTIN_SIGNALING_PATHWAY,6.60417,KEGG_MEDICUS_VARIANT_MUTATION_CAUSED_ABERRANT_HTT_TO_ELECTRON_TRANSFER_IN_COMPLEX_III,6.364872,KEGG_MEDICUS_REFERENCE_COPI_VESICLE_FORMATION,6.828822
34,KEGG_MEDICUS_REFERENCE_PRE_IC_FORMATION,6.399656,KEGG_MEDICUS_VARIANT_MUTATION_CAUSED_ABERRANT_HTT_TO_ELECTRON_TRANSFER_IN_COMPLEX_III,5.821982,KEGG_MEDICUS_REFERENCE_LONG_PATCH_BER,6.32216,KEGG_MEDICUS_PATHOGEN_SHIGELLA_IPGD_TO_ARNO_ARF_ACTB_G_SIGNALING_PATHWAY,6.354342,KEGG_MEDICUS_PATHOGEN_ESCHERICHIA_EAE_TIR_TCCP_TO_ACTIN_SIGNALING_PATHWAY,6.759337
35,KEGG_MEDICUS_REFERENCE_HOMOLOGOUS_RECOMBINATION,6.165608,KEGG_MEDICUS_PATHOGEN_ESCHERICHIA_EAE_TIR_TO_ACTIN_SIGNALING_PATHWAY,5.653746,KEGG_MEDICUS_PATHOGEN_ESCHERICHIA_EAE_TIR_TO_ACTIN_SIGNALING_PATHWAY,6.232933,KEGG_MEDICUS_REFERENCE_EGF_EGFR_ACTIN_SIGNALING_PATHWAY,6.22755,KEGG_MEDICUS_REFERENCE_ORGANIZATION_OF_THE_OUTER_KINETOCHORE,6.645987
36,KEGG_MEDICUS_REFERENCE_DISASSEMBLY_OF_MCC,6.099373,KEGG_MEDICUS_PATHOGEN_HCV_CORE_TO_ERK_SIGNALING_PATHWAY,5.461625,KEGG_MEDICUS_REFERENCE_HOMOLOGOUS_RECOMBINATION,6.127896,KEGG_MEDICUS_REFERENCE_LONG_PATCH_BER,6.220841,KEGG_MEDICUS_REFERENCE_LONG_PATCH_BER,6.623332
37,KEGG_MEDICUS_PATHOGEN_ESCHERICHIA_EAE_TIR_TO_ACTIN_SIGNALING_PATHWAY,6.022052,KEGG_MEDICUS_REFERENCE_RAB7_REGULATED_MICROTUBULE_MINUS_END_DIRECTED_TRANSPORT,5.422371,KEGG_MEDICUS_VARIANT_MUTATION_CAUSED_ABERRANT_HTT_TO_ELECTRON_TRANSFER_IN_COMPLEX_III,6.012571,KEGG_MEDICUS_REFERENCE_GPCR_PLCB_ITPR_SIGNALING_PATHWAY,6.200267,KEGG_MEDICUS_REFERENCE_HOMOLOGOUS_RECOMBINATION,6.577664
38,KEGG_MEDICUS_REFERENCE_CORE_NER_REACTION,6.009715,KEGG_MEDICUS_REFERENCE_GPCR_PLCB_ITPR_SIGNALING_PATHWAY,5.408275,KEGG_MEDICUS_REFERENCE_ELECTRON_TRANSFER_IN_COMPLEX_III,5.974159,KEGG_MEDICUS_REFERENCE_DISASSEMBLY_OF_MCC,6.083793,KEGG_MEDICUS_REFERENCE_TRAIP_DEPENDENT_REPLISOME_DISASSEMBLY,6.542506
39,KEGG_MEDICUS_REFERENCE_EGF_EGFR_ACTIN_SIGNALING_PATHWAY,5.966476,KEGG_MEDICUS_REFERENCE_HOMOLOGOUS_RECOMBINATION,5.385688,KEGG_MEDICUS_REFERENCE_TRAIP_DEPENDENT_REPLISOME_DISASSEMBLY,5.968969,KEGG_MEDICUS_PATHOGEN_ESCHERICHIA_EAE_TIR_TO_ACTIN_SIGNALING_PATHWAY,6.08034,KEGG_MEDICUS_REFERENCE_GENE_SILENCING_BY_METHYLATION_OF_H3K27_AND_UBIQUITINATION_OF_H2AK119,6.479426
40,KEGG_MEDICUS_REFERENCE_COHESIN_DISSOCIATION_IN_ANAPHASE,5.795088,KEGG_MEDICUS_REFERENCE_SPINDLE_ASSEMBLY_CHECKPOINT_SIGNALING,5.382522,KEGG_MEDICUS_REFERENCE_CORE_NER_REACTION,5.938446,KEGG_MEDICUS_PATHOGEN_HCV_CORE_TO_ERK_SIGNALING_PATHWAY,5.99653,KEGG_MEDICUS_REFERENCE_CONDENSIN_LOADING,6.363005
41,KEGG_MEDICUS_REFERENCE_LONG_PATCH_BER,5.77349,KEGG_MEDICUS_REFERENCE_LONG_PATCH_BER,5.366142,KEGG_MEDICUS_REFERENCE_RAB7_REGULATED_MICROTUBULE_MINUS_END_DIRECTED_TRANSPORT,5.855056,KEGG_MEDICUS_REFERENCE_CORE_NER_REACTION,5.995019,KEGG_MEDICUS_REFERENCE_SPINDLE_ASSEMBLY_CHECKPOINT_SIGNALING,6.226923
42,KEGG_MEDICUS_REFERENCE_ELECTRON_TRANSFER_IN_COMPLEX_III,5.759195,KEGG_MEDICUS_REFERENCE_DISASSEMBLY_OF_MCC,5.353786,KEGG_MEDICUS_REFERENCE_DISASSEMBLY_OF_MCC,5.818732,KEGG_MEDICUS_REFERENCE_SPINDLE_ASSEMBLY_CHECKPOINT_SIGNALING,5.994456,KEGG_MEDICUS_PATHOGEN_ESCHERICHIA_EAE_TIR_TO_ACTIN_SIGNALING_PATHWAY,6.002871
43,KEGG_MEDICUS_VARIANT_MUTATION_CAUSED_ABERRANT_HTT_TO_ELECTRON_TRANSFER_IN_COMPLEX_III,5.750864,KEGG_MEDICUS_REFERENCE_GLOBAL_GENOME_NER,5.22308,KEGG_MEDICUS_REFERENCE_SPINDLE_ASSEMBLY_CHECKPOINT_SIGNALING,5.809455,KEGG_MEDICUS_REFERENCE_CONDENSIN_LOADING,5.911797,KEGG_MEDICUS_VARIANT_MUTATION_CAUSED_ABERRANT_HTT_TO_ELECTRON_TRANSFER_IN_COMPLEX_III,5.882431
44,KEGG_MEDICUS_REFERENCE_GLOBAL_GENOME_NER,5.721037,KEGG_MEDICUS_REFERENCE_COHESIN_DISSOCIATION_IN_ANAPHASE,5.192213,KEGG_MEDICUS_PATHOGEN_HCV_CORE_TO_ERK_SIGNALING_PATHWAY,5.692506,KEGG_MEDICUS_REFERENCE_TLR7_8_9_IRF5_SIGNALING_PATHWAY,5.889615,KEGG_MEDICUS_REFERENCE_GPCR_PLCB_ITPR_SIGNALING_PATHWAY,5.869976
45,KEGG_MEDICUS_REFERENCE_TRAIP_DEPENDENT_REPLISOME_DISASSEMBLY,5.683298,KEGG_MEDICUS_REFERENCE_TLR7_8_9_IRF5_SIGNALING_PATHWAY,5.178798,KEGG_MEDICUS_PATHOGEN_HIV_TAT_TO_TLR2_4_NFKB_SIGNALING_PATHWAY,5.481121,KEGG_MEDICUS_REFERENCE_RAB7_REGULATED_MICROTUBULE_MINUS_END_DIRECTED_TRANSPORT,5.859691,KEGG_MEDICUS_REFERENCE_ELECTRON_TRANSFER_IN_COMPLEX_III,5.865826
46,KEGG_MEDICUS_REFERENCE_TLR7_8_9_IRF5_SIGNALING_PATHWAY,5.621329,KEGG_MEDICUS_REFERENCE_CORE_NER_REACTION,5.164374,KEGG_MEDICUS_REFERENCE_CONDENSIN_LOADING,5.442996,KEGG_MEDICUS_REFERENCE_HOMOLOGOUS_RECOMBINATION,5.828328,KEGG_MEDICUS_REFERENCE_DISASSEMBLY_OF_MCC,5.844896
47,KEGG_MEDICUS_REFERENCE_CONDENSIN_LOADING,5.414032,KEGG_MEDICUS_REFERENCE_PRE_IC_FORMATION,5.107757,KEGG_MEDICUS_REFERENCE_GPCR_PLCB_ITPR_SIGNALING_PATHWAY,5.394814,KEGG_MEDICUS_REFERENCE_COHESIN_DISSOCIATION_IN_ANAPHASE,5.825264,KEGG_MEDICUS_PATHOGEN_HIV_TAT_TO_TLR2_4_NFKB_SIGNALING_PATHWAY,5.755381
48,KEGG_MEDICUS_REFERENCE_GPCR_PLCB_ITPR_SIGNALING_PATHWAY,5.395707,KEGG_MEDICUS_REFERENCE_CONDENSIN_LOADING,5.053213,KEGG_MEDICUS_REFERENCE_DNA_REPLICATION_LICENSING,5.39158,KEGG_MEDICUS_REFERENCE_TRAIP_DEPENDENT_REPLISOME_DISASSEMBLY,5.58846,KEGG_MEDICUS_PATHOGEN_HCV_CORE_TO_ERK_SIGNALING_PATHWAY,5.698298
49,KEGG_MEDICUS_PATHOGEN_HCV_CORE_TO_ERK_SIGNALING_PATHWAY,5.387528,KEGG_MEDICUS_REFERENCE_CITRATE_CYCLE_SECOND_CARBON_OXIDATION_2,5.014436,KEGG_MEDICUS_REFERENCE_GLOBAL_GENOME_NER,5.366195,KEGG_MEDICUS_REFERENCE_CITRATE_CYCLE_SECOND_CARBON_OXIDATION_2,5.582981,KEGG_MEDICUS_REFERENCE_ACTIVATION_OF_PRC2.2_BY_UBIQUITINATION_OF_H2AK119_IN_GERMLINE_GENES,5.633586
50,KEGG_MEDICUS_REFERENCE_DNA_REPLICATION_LICENSING,5.320633,KEGG_MEDICUS_REFERENCE_CHOLESTEROL_BIOSYNTHESIS,5.013525,KEGG_MEDICUS_REFERENCE_CITRATE_CYCLE_SECOND_CARBON_OXIDATION_2,5.359736,KEGG_MEDICUS_PATHOGEN_HIV_TAT_TO_TLR2_4_NFKB_SIGNALING_PATHWAY,5.540355,KEGG_MEDICUS_REFERENCE_COHESIN_DISSOCIATION_IN_ANAPHASE,5.556882
51,KEGG_MEDICUS_PATHOGEN_HIV_TAT_TO_TLR2_4_NFKB_SIGNALING_PATHWAY,5.272053,KEGG_MEDICUS_PATHOGEN_HIV_TAT_TO_TLR2_4_NFKB_SIGNALING_PATHWAY,4.979599,KEGG_MEDICUS_REFERENCE_COHESIN_DISSOCIATION_IN_ANAPHASE,5.311136,KEGG_MEDICUS_REFERENCE_ORGANIZATION_OF_THE_OUTER_KINETOCHORE,5.49213,KEGG_MEDICUS_REFERENCE_TLR7_8_9_IRF5_SIGNALING_PATHWAY,5.535487
52,KEGG_MEDICUS_REFERENCE_TLR7_9_IRF7_SIGNALING_PATHWAY,5.262521,KEGG_MEDICUS_REFERENCE_CA2_ENTRY_VOLTAGE_GATED_CA2_CHANNEL,4.932674,KEGG_MEDICUS_REFERENCE_TLR7_8_9_IRF5_SIGNALING_PATHWAY,5.185975,KEGG_MEDICUS_REFERENCE_TLR7_9_IRF7_SIGNALING_PATHWAY,5.348341,KEGG_MEDICUS_REFERENCE_EGF_EGFR_ACTIN_SIGNALING_PATHWAY,5.370228
53,KEGG_MEDICUS_REFERENCE_ANTIGEN_PROCESSING_AND_PRESENTATION_BY_MHC_CLASS_I_MOLECULES,5.160897,KEGG_MEDICUS_REFERENCE_TRAIP_DEPENDENT_REPLISOME_DISASSEMBLY,4.792226,KEGG_MEDICUS_VARIANT_MUTATION_CAUSED_ABERRANT_ABETA_TO_ELECTRON_TRANSFER_IN_COMPLEX_IV,5.086055,KEGG_MEDICUS_REFERENCE_GENE_SILENCING_BY_METHYLATION_OF_H3K27_AND_UBIQUITINATION_OF_H2AK119,5.138975,KEGG_MEDICUS_REFERENCE_ARL8_REGULATED_MICROTUBULE_PLUS_END_DIRECTED_TRANSPORT,5.337905
54,KEGG_MEDICUS_REFERENCE_CITRATE_CYCLE_SECOND_CARBON_OXIDATION_2,4.961957,KEGG_MEDICUS_REFERENCE_ANTIGEN_PROCESSING_AND_PRESENTATION_BY_MHC_CLASS_I_MOLECULES,4.7606,KEGG_MEDICUS_REFERENCE_TLR7_9_IRF7_SIGNALING_PATHWAY,4.916822,KEGG_MEDICUS_REFERENCE_GLOBAL_GENOME_NER,5.136248,KEGG_MEDICUS_REFERENCE_CENPE_INTERACTION_WITH_NDC80_COMPLEX,5.268872
55,KEGG_MEDICUS_REFERENCE_ORGANIZATION_OF_THE_OUTER_KINETOCHORE,4.931228,KEGG_MEDICUS_REFERENCE_TLR7_9_IRF7_SIGNALING_PATHWAY,4.718218,KEGG_MEDICUS_REFERENCE_GENE_SILENCING_BY_METHYLATION_OF_H3K27_AND_UBIQUITINATION_OF_H2AK119,4.905158,KEGG_MEDICUS_REFERENCE_DNA_REPLICATION_LICENSING,5.103306,KEGG_MEDICUS_REFERENCE_TLR7_9_IRF7_SIGNALING_PATHWAY,5.225513
56,KEGG_MEDICUS_VARIANT_MUTATION_CAUSED_ABERRANT_ABETA_TO_ELECTRON_TRANSFER_IN_COMPLEX_IV,4.864233,KEGG_MEDICUS_VARIANT_MUTATION_CAUSED_ABERRANT_ABETA_TO_ELECTRON_TRANSFER_IN_COMPLEX_IV,4.667132,KEGG_MEDICUS_REFERENCE_ORGANIZATION_OF_THE_OUTER_KINETOCHORE,4.904007,KEGG_MEDICUS_VARIANT_MUTATION_CAUSED_ABERRANT_ABETA_TO_ELECTRON_TRANSFER_IN_COMPLEX_IV,4.810383,KEGG_MEDICUS_REFERENCE_BRANCHING_MICROTUBULE_NUCLEATION,5.168289
57,KEGG_MEDICUS_REFERENCE_CENPE_INTERACTION_WITH_NDC80_COMPLEX,4.784487,KEGG_MEDICUS_REFERENCE_GENE_SILENCING_BY_METHYLATION_OF_H3K27_AND_UBIQUITINATION_OF_H2AK119,4.311782,KEGG_MEDICUS_ENV_FACTOR_ARSENIC_TO_ELECTRON_TRANSFER_IN_COMPLEX_IV,4.869567,KEGG_MEDICUS_REFERENCE_ACTIVATION_OF_PRC2.2_BY_UBIQUITINATION_OF_H2AK119_IN_GERMLINE_GENES,4.774024,KEGG_MEDICUS_REFERENCE_CHOLESTEROL_BIOSYNTHESIS,5.138224
58,KEGG_MEDICUS_REFERENCE_ACTIVATION_OF_PRC2.2_BY_UBIQUITINATION_OF_H2AK119_IN_GERMLINE_GENES,4.733881,KEGG_MEDICUS_ENV_FACTOR_ARSENIC_TO_ELECTRON_TRANSFER_IN_COMPLEX_IV,4.298592,KEGG_MEDICUS_REFERENCE_ANTIGEN_PROCESSING_AND_PRESENTATION_BY_MHC_CLASS_I_MOLECULES,4.848644,KEGG_MEDICUS_REFERENCE_CGAS_STING_SIGNALING_PATHWAY,4.738352,KEGG_MEDICUS_REFERENCE_CGAS_STING_SIGNALING_PATHWAY,5.11971
59,KEGG_MEDICUS_REFERENCE_CHOLESTEROL_BIOSYNTHESIS,4.725446,KEGG_MEDICUS_REFERENCE_ACTIVATION_OF_PRC2.2_BY_UBIQUITINATION_OF_H2AK119_IN_GERMLINE_GENES,4.262914,KEGG_MEDICUS_REFERENCE_CHOLESTEROL_BIOSYNTHESIS,4.651185,KEGG_MEDICUS_REFERENCE_COHESIN_DISSOCIATION_IN_PROPHASE,4.671197,KEGG_MEDICUS_REFERENCE_CORE_NER_REACTION,5.103071
60,KEGG_MEDICUS_REFERENCE_GENE_SILENCING_BY_METHYLATION_OF_H3K27_AND_UBIQUITINATION_OF_H2AK119,4.666441,KEGG_MEDICUS_REFERENCE_ELECTRON_TRANSFER_IN_COMPLEX_IV,4.15636,KEGG_MEDICUS_REFERENCE_ELECTRON_TRANSFER_IN_COMPLEX_IV,4.574898,KEGG_MEDICUS_REFERENCE_CENPE_INTERACTION_WITH_NDC80_COMPLEX,4.668614,KEGG_MEDICUS_REFERENCE_DEPHOSPHORYLATION_OF_KINETOCHORE,4.943664
61,KEGG_MEDICUS_PATHOGEN_SHIGELLA_IPAB_C_D_TO_ITGA_B_TALIN_VINCULIN_SIGNALING_PATHWAY,4.530405,KEGG_MEDICUS_PATHOGEN_HTLV_1_TAX_TO_SPINDLE_ASSEMBLY_CHECKPOINT_SIGNALING,4.057058,KEGG_MEDICUS_REFERENCE_ACTIVATION_OF_PRC2.2_BY_UBIQUITINATION_OF_H2AK119_IN_GERMLINE_GENES,4.514199,KEGG_MEDICUS_REFERENCE_TLR3_IRF7_SIGNALING_PATHWAY,4.654008,KEGG_MEDICUS_REFERENCE_TLR3_IRF7_SIGNALING_PATHWAY,4.905635
62,KEGG_MEDICUS_REFERENCE_TELOMERE_ELONGATION,4.52929,KEGG_MEDICUS_REFERENCE_WNT_SIGNALING_MODULATION_WNT_INHIBITOR,4.03101,KEGG_MEDICUS_REFERENCE_CENPE_INTERACTION_WITH_NDC80_COMPLEX,4.414334,KEGG_MEDICUS_ENV_FACTOR_ARSENIC_TO_ELECTRON_TRANSFER_IN_COMPLEX_IV,4.547003,KEGG_MEDICUS_REFERENCE_MICROTUBULE_NUCLEATION,4.796131
63,KEGG_MEDICUS_PATHOGEN_HTLV_1_TAX_TO_SPINDLE_ASSEMBLY_CHECKPOINT_SIGNALING,4.521491,KEGG_MEDICUS_REFERENCE_CITRATE_CYCLE_FIRST_CARBON_OXIDATION,4.023673,KEGG_MEDICUS_REFERENCE_CGAS_STING_SIGNALING_PATHWAY,4.385626,KEGG_MEDICUS_REFERENCE_ELECTRON_TRANSFER_IN_COMPLEX_IV,4.292577,KEGG_MEDICUS_REFERENCE_COHESIN_DISSOCIATION_IN_PROPHASE,4.79066
64,KEGG_MEDICUS_REFERENCE_BRANCHING_MICROTUBULE_NUCLEATION,4.437968,KEGG_MEDICUS_REFERENCE_COHESIN_DISSOCIATION_IN_PROPHASE,4.016681,KEGG_MEDICUS_REFERENCE_COHESIN_DISSOCIATION_IN_PROPHASE,4.309176,KEGG_MEDICUS_PATHOGEN_HTLV_1_TAX_TO_SPINDLE_ASSEMBLY_CHECKPOINT_SIGNALING,4.246895,KEGG_MEDICUS_VARIANT_AMPLIFIED_MYC_TO_P27_CELL_CYCLE_G1_S,4.723788
65,KEGG_MEDICUS_ENV_FACTOR_ARSENIC_TO_ELECTRON_TRANSFER_IN_COMPLEX_IV,4.399339,KEGG_MEDICUS_REFERENCE_DNA_REPLICATION_LICENSING,3.90894,KEGG_MEDICUS_REFERENCE_WNT_SIGNALING_MODULATION_WNT_INHIBITOR,4.293029,KEGG_MEDICUS_REFERENCE_GPI_ANCHOR_BIOSYNTHESIS,4.167548,KEGG_MEDICUS_VARIANT_MUTATION_CAUSED_ABERRANT_ABETA_TO_ELECTRON_TRANSFER_IN_COMPLEX_IV,4.718135
66,KEGG_MEDICUS_REFERENCE_COHESIN_DISSOCIATION_IN_PROPHASE,4.380089,KEGG_MEDICUS_PATHOGEN_SHIGELLA_IPAB_C_D_TO_ITGA_B_TALIN_VINCULIN_SIGNALING_PATHWAY,3.854173,KEGG_MEDICUS_REFERENCE_CITRATE_CYCLE_FIRST_CARBON_OXIDATION,4.262143,KEGG_MEDICUS_VARIANT_AMPLIFIED_MYC_TO_P27_CELL_CYCLE_G1_S,4.140129,KEGG_MEDICUS_REFERENCE_CITRATE_CYCLE_SECOND_CARBON_OXIDATION_2,4.676069
67,KEGG_MEDICUS_REFERENCE_ELECTRON_TRANSFER_IN_COMPLEX_IV,4.341205,KEGG_MEDICUS_REFERENCE_ORGANIZATION_OF_THE_OUTER_KINETOCHORE,3.82453,KEGG_MEDICUS_REFERENCE_OKAZAKI_FRAGMENT_MATURATION,4.165305,KEGG_MEDICUS_REFERENCE_AUTOPHAGY_VESICLE_NUCLEATION_ELONGATION_MATURATION_SEQUESTOSOME_1_LIKE_RECEPTOR,4.130101,KEGG_MEDICUS_REFERENCE_GLOBAL_GENOME_NER,4.580911
68,KEGG_MEDICUS_REFERENCE_DEPHOSPHORYLATION_OF_KINETOCHORE,4.241567,KEGG_MEDICUS_REFERENCE_CGAS_STING_SIGNALING_PATHWAY,3.824146,KEGG_MEDICUS_PATHOGEN_HTLV_1_TAX_TO_SPINDLE_ASSEMBLY_CHECKPOINT_SIGNALING,4.145314,KEGG_MEDICUS_REFERENCE_DEPHOSPHORYLATION_OF_KINETOCHORE,4.031957,KEGG_MEDICUS_REFERENCE_WNT_SIGNALING_MODULATION_WNT_INHIBITOR,4.54989
69,KEGG_MEDICUS_REFERENCE_ARL8_REGULATED_MICROTUBULE_PLUS_END_DIRECTED_TRANSPORT,4.204854,KEGG_MEDICUS_PATHOGEN_HPV_E5_TO_EGFR_RAS_ERK_SIGNALING_PATHWAY,3.773062,KEGG_MEDICUS_REFERENCE_TLR3_IRF7_SIGNALING_PATHWAY,4.105867,KEGG_MEDICUS_REFERENCE_CITRATE_CYCLE_FIRST_CARBON_OXIDATION,3.985523,KEGG_MEDICUS_REFERENCE_KINETOCHORE_FIBER_ORGANIZATION,4.508159
70,KEGG_MEDICUS_REFERENCE_KINETOCHORE_FIBER_ORGANIZATION,4.197837,KEGG_MEDICUS_PATHOGEN_SALMONELLA_SOPB_TO_ANXA2_S100A10_REGULATED_ACTIN_CYTOSKELETON,3.732083,KEGG_MEDICUS_REFERENCE_DEPHOSPHORYLATION_OF_KINETOCHORE,4.064154,KEGG_MEDICUS_ENV_FACTOR_METALS_TO_RAS_ERK_SIGNALING_PATHWAY,3.847117,KEGG_MEDICUS_REFERENCE_RTK_PLCG_ITPR_SIGNALING_PATHWAY,4.466072
71,KEGG_MEDICUS_REFERENCE_WNT_SIGNALING_MODULATION_WNT_INHIBITOR,4.188959,KEGG_MEDICUS_VARIANT_MUTATION_ACTIVATED_EGFR_TO_RAS_ERK_SIGNALING_PATHWAY,3.72225,KEGG_MEDICUS_ENV_FACTOR_METALS_TO_RAS_ERK_SIGNALING_PATHWAY,4.00004,KEGG_MEDICUS_REFERENCE_OKAZAKI_FRAGMENT_MATURATION,3.846165,KEGG_MEDICUS_REFERENCE_GF_RTK_PI3K_SIGNALING_PATHWAY,4.455949
72,KEGG_MEDICUS_REFERENCE_CGAS_STING_SIGNALING_PATHWAY,4.16187,KEGG_MEDICUS_VARIANT_MUTATION_ACTIVATED_MET_TO_RAS_ERK_SIGNALING_PATHWAY,3.6945,KEGG_MEDICUS_VARIANT_AMPLIFIED_MYC_TO_P27_CELL_CYCLE_G1_S,3.914574,KEGG_MEDICUS_PATHOGEN_HPV_E5_TO_EGFR_RAS_ERK_SIGNALING_PATHWAY,3.845895,KEGG_MEDICUS_ENV_FACTOR_ARSENIC_TO_ELECTRON_TRANSFER_IN_COMPLEX_IV,4.426231
73,KEGG_MEDICUS_REFERENCE_MICROTUBULE_NUCLEATION,4.063597,KEGG_MEDICUS_ENV_FACTOR_METALS_TO_RAS_ERK_SIGNALING_PATHWAY,3.693114,KEGG_MEDICUS_VARIANT_MUTATION_ACTIVATED_MET_TO_RAS_ERK_SIGNALING_PATHWAY,3.892404,KEGG_MEDICUS_REFERENCE_BRANCHING_MICROTUBULE_NUCLEATION,3.80848,KEGG_MEDICUS_REFERENCE_TYPE_I_INTERFERON_TO_JAK_STAT_SIGNALING_PATHWAY,4.329176
74,KEGG_MEDICUS_REFERENCE_TLR3_IRF7_SIGNALING_PATHWAY,4.055799,KEGG_MEDICUS_REFERENCE_AREG_EGFR_RAS_ERK_SIGNALING_PATHWAY,3.637683,KEGG_MEDICUS_VARIANT_MUTATION_CAUSED_ABERRANT_ABETA_TO_VGCC_CA2_APOPTOTIC_PATHWAY_N01006,3.882455,KEGG_MEDICUS_REFERENCE_CA2_ENTRY_VOLTAGE_GATED_CA2_CHANNEL,3.797696,KEGG_MEDICUS_PATHOGEN_HTLV_1_TAX_TO_SPINDLE_ASSEMBLY_CHECKPOINT_SIGNALING,4.268547
75,KEGG_MEDICUS_REFERENCE_RECRUITMENT_AND_FORMATION_OF_THE_MCC,4.050882,KEGG_MEDICUS_VARIANT_MUTATION_CAUSED_ABERRANT_ABETA_TO_VGCC_CA2_APOPTOTIC_PATHWAY_N01006,3.625801,KEGG_MEDICUS_REFERENCE_TYPE_I_INTERFERON_TO_JAK_STAT_SIGNALING_PATHWAY,3.859683,KEGG_MEDICUS_VARIANT_MUTATION_CAUSED_ABERRANT_ABETA_TO_VGCC_CA2_APOPTOTIC_PATHWAY_N01006,3.762736,KEGG_MEDICUS_REFERENCE_CITRATE_CYCLE_FIRST_CARBON_OXIDATION,4.249426
76,KEGG_MEDICUS_REFERENCE_AUTOPHAGY_VESICLE_NUCLEATION_ELONGATION_MATURATION_SEQUESTOSOME_1_LIKE_RECEPTOR,3.963264,KEGG_MEDICUS_VARIANT_LOSS_OF_VHL_TO_HIF_1_SIGNALING_PATHWAY,3.607849,KEGG_MEDICUS_PATHOGEN_SHIGELLA_IPAB_C_D_TO_ITGA_B_TALIN_VINCULIN_SIGNALING_PATHWAY,3.816753,KEGG_MEDICUS_REFERENCE_FANCONI_ANEMIA_PATHWAY,3.761831,KEGG_MEDICUS_REFERENCE_ELECTRON_TRANSFER_IN_COMPLEX_IV,4.212572
77,KEGG_MEDICUS_REFERENCE_CITRATE_CYCLE_FIRST_CARBON_OXIDATION,3.850462,KEGG_MEDICUS_REFERENCE_CENPE_INTERACTION_WITH_NDC80_COMPLEX,3.605071,KEGG_MEDICUS_REFERENCE_BRANCHING_MICROTUBULE_NUCLEATION,3.797341,KEGG_MEDICUS_REFERENCE_RAC_CDC42_PAK_ERK_SIGNALING_PATHWAY,3.75416,KEGG_MEDICUS_REFERENCE_ORGANIZATION_OF_THE_INNER_KINETOCHORE,4.1952
78,KEGG_MEDICUS_ENV_FACTOR_METALS_TO_RAS_ERK_SIGNALING_PATHWAY,3.839543,KEGG_MEDICUS_REFERENCE_RAC_CDC42_PAK_ERK_SIGNALING_PATHWAY,3.590272,KEGG_MEDICUS_PATHOGEN_SALMONELLA_SOPB_TO_ANXA2_S100A10_REGULATED_ACTIN_CYTOSKELETON,3.783012,KEGG_MEDICUS_REFERENCE_ORGANIZATION_OF_THE_INNER_KINETOCHORE,3.750512,KEGG_MEDICUS_REFERENCE_TELOMERE_ELONGATION,4.191255
79,KEGG_MEDICUS_VARIANT_MUTATION_CAUSED_ABERRANT_ABETA_TO_VGCC_CA2_APOPTOTIC_PATHWAY_N01006,3.765867,KEGG_MEDICUS_REFERENCE_AUTOPHAGY_VESICLE_NUCLEATION_ELONGATION_MATURATION_SEQUESTOSOME_1_LIKE_RECEPTOR,3.567817,KEGG_MEDICUS_REFERENCE_GPI_ANCHOR_BIOSYNTHESIS,3.728077,KEGG_MEDICUS_REFERENCE_BREAK_INDUCED_REPLICATION,3.729072,KEGG_MEDICUS_REFERENCE_OKAZAKI_FRAGMENT_MATURATION,4.168676
80,KEGG_MEDICUS_PATHOGEN_SALMONELLA_SOPB_TO_ANXA2_S100A10_REGULATED_ACTIN_CYTOSKELETON,3.761352,KEGG_MEDICUS_REFERENCE_OKAZAKI_FRAGMENT_MATURATION,3.536261,KEGG_MEDICUS_REFERENCE_TELOMERE_ELONGATION,3.720266,KEGG_MEDICUS_REFERENCE_WNT_SIGNALING_MODULATION_WNT_INHIBITOR,3.719526,KEGG_MEDICUS_REFERENCE_P27_CELL_CYCLE_G1_S,4.118453
81,KEGG_MEDICUS_REFERENCE_N_GLYCAN_PRECURSOR_BIOSYNTHESIS_ALG6_TO_OST,3.730365,KEGG_MEDICUS_REFERENCE_N_GLYCAN_PRECURSOR_BIOSYNTHESIS_ALG6_TO_OST,3.522327,KEGG_MEDICUS_REFERENCE_N_GLYCAN_PRECURSOR_BIOSYNTHESIS_ALG6_TO_OST,3.643403,KEGG_MEDICUS_REFERENCE_TELOMERE_ELONGATION,3.717093,KEGG_MEDICUS_REFERENCE_MICROTUBULE_DEPOLYMERIZATION,4.11738
82,KEGG_MEDICUS_VARIANT_MUTATION_ACTIVATED_MET_TO_RAS_ERK_SIGNALING_PATHWAY,3.705751,KEGG_MEDICUS_REFERENCE_TELOMERE_ELONGATION,3.521598,KEGG_MEDICUS_PATHOGEN_HPV_E5_TO_EGFR_RAS_ERK_SIGNALING_PATHWAY,3.632162,KEGG_MEDICUS_PATHOGEN_SALMONELLA_SOPB_TO_ANXA2_S100A10_REGULATED_ACTIN_CYTOSKELETON,3.65127,KEGG_MEDICUS_PATHOGEN_HBV_HBX_TO_RAS_ERK_SIGNALING_PATHWAY,4.012148
83,KEGG_MEDICUS_PATHOGEN_HPV_E5_TO_EGFR_RAS_ERK_SIGNALING_PATHWAY,3.670828,KEGG_MEDICUS_REFERENCE_TLR3_IRF7_SIGNALING_PATHWAY,3.493377,KEGG_MEDICUS_VARIANT_MUTATION_ACTIVATED_EGFR_TO_RAS_ERK_SIGNALING_PATHWAY,3.598589,KEGG_MEDICUS_REFERENCE_CHOLESTEROL_BIOSYNTHESIS,3.649147,KEGG_MEDICUS_REFERENCE_ACTIVATION_OF_PRC2.2_BY_UBIQUITINATION_OF_H2AK119,3.978378
84,KEGG_MEDICUS_REFERENCE_GPI_ANCHOR_BIOSYNTHESIS,3.613213,KEGG_MEDICUS_REFERENCE_EGF_EGFR_RAS_ERK_SIGNALING_PATHWAY,3.492287,KEGG_MEDICUS_REFERENCE_AUTOPHAGY_VESICLE_NUCLEATION_ELONGATION_MATURATION_SEQUESTOSOME_1_LIKE_RECEPTOR,3.554343,KEGG_MEDICUS_REFERENCE_PP2A_AKT_SIGNALING_PATHWAY,3.601019,KEGG_MEDICUS_REFERENCE_FANCONI_ANEMIA_PATHWAY,3.934559
85,KEGG_MEDICUS_REFERENCE_MICROTUBULE_DEPOLYMERIZATION,3.606091,KEGG_MEDICUS_REFERENCE_EREG_EGFR_RAS_ERK_SIGNALING_PATHWAY,3.465084,KEGG_MEDICUS_REFERENCE_ORGANIZATION_OF_THE_INNER_KINETOCHORE,3.536005,KEGG_MEDICUS_REFERENCE_N_GLYCAN_PRECURSOR_BIOSYNTHESIS_ALG6_TO_OST,3.59365,KEGG_MEDICUS_REFERENCE_RECRUITMENT_AND_FORMATION_OF_THE_MCC,3.920389
86,KEGG_MEDICUS_REFERENCE_N_GLYCAN_PRECURSOR_BIOSYNTHESIS_GLC_6P_TO_MAN_P_DOL,3.535868,KEGG_MEDICUS_VARIANT_MUTATION_INACTIVATED_SIGMAR1_TO_CA2_APOPTOTIC_PATHWAY,3.407152,KEGG_MEDICUS_REFERENCE_TRAPPI_RAB1_SIGNALING_PATHWAY,3.530854,KEGG_MEDICUS_REFERENCE_MICROTUBULE_NUCLEATION,3.558076,KEGG_MEDICUS_REFERENCE_DEUBIQUITINATION_OF_H2AK119,3.912353
87,KEGG_MEDICUS_VARIANT_MUTATION_ACTIVATED_EGFR_TO_RAS_ERK_SIGNALING_PATHWAY,3.535782,KEGG_MEDICUS_REFERENCE_TGFA_EGFR_RAS_ERK_SIGNALING_PATHWAY,3.374128,KEGG_MEDICUS_REFERENCE_CA2_ENTRY_VOLTAGE_GATED_CA2_CHANNEL,3.517555,KEGG_MEDICUS_REFERENCE_ISOLEUCINE_DEGRADATION,3.53682,KEGG_MEDICUS_REFERENCE_BREAK_INDUCED_REPLICATION,3.897913
88,KEGG_MEDICUS_REFERENCE_OKAZAKI_FRAGMENT_MATURATION,3.498013,KEGG_MEDICUS_REFERENCE_CARDIAC_TYPE_VGCC_RYR_SIGNALING,3.364334,KEGG_MEDICUS_VARIANT_MET_OVEREXPRESSION_TO_RAS_ERK_SIGNALING_PATHWAY,3.447228,KEGG_MEDICUS_VARIANT_MUTATION_ACTIVATED_EGFR_TO_RAS_ERK_SIGNALING_PATHWAY,3.527917,KEGG_MEDICUS_VARIANT_MUTATION_CAUSED_ABERRANT_ABETA_TO_VGCC_CA2_APOPTOTIC_PATHWAY_N01006,3.868217
89,KEGG_MEDICUS_REFERENCE_LECTIN_PATHWAY_OF_COAGULATION_CASCADE_FIBRINOGEN_TO_FIBRIN,3.483231,KEGG_MEDICUS_VARIANT_AMPLIFIED_EGFR_TO_RAS_ERK_SIGNALING_PATHWAY,3.276142,KEGG_MEDICUS_REFERENCE_MICROTUBULE_NUCLEATION,3.445862,KEGG_MEDICUS_REFERENCE_RECRUITMENT_AND_FORMATION_OF_THE_MCC,3.49666,KEGG_MEDICUS_REFERENCE_TYPE_II_INTERFERON_TO_JAK_STAT_SIGNALING_PATHWAY,3.802929
90,KEGG_MEDICUS_REFERENCE_RAC_CDC42_PAK_ERK_SIGNALING_PATHWAY,3.481467,KEGG_MEDICUS_REFERENCE_BRANCHING_MICROTUBULE_NUCLEATION,3.273046,KEGG_MEDICUS_REFERENCE_TYPE_II_INTERFERON_TO_JAK_STAT_SIGNALING_PATHWAY,3.442484,KEGG_MEDICUS_VARIANT_MUTATION_ACTIVATED_MET_TO_RAS_ERK_SIGNALING_PATHWAY,3.481121,KEGG_MEDICUS_REFERENCE_PP2A_AKT_SIGNALING_PATHWAY,3.801011
91,KEGG_MEDICUS_REFERENCE_ACH_CHRN_RAS_ERK_SIGNALING_PATHWAY,3.445343,KEGG_MEDICUS_REFERENCE_EGF_ERBB2_RAS_ERK_SIGNALING_PATHWAY,3.258524,KEGG_MEDICUS_REFERENCE_TLR2_4_MAPK_SIGNALING_PATHWAY,3.440176,KEGG_MEDICUS_REFERENCE_PINK_PARKIN_MEDIATED_AUTOPHAGOSOME_FORMATION,3.452076,KEGG_MEDICUS_VARIANT_MUTATION_CAUSED_ABERRANT_SNCA_TO_ANTEROGRADE_AXONAL_TRANSPORT,3.788415
92,KEGG_MEDICUS_VARIANT_AMPLIFIED_MYC_TO_P27_CELL_CYCLE_G1_S,3.430705,KEGG_MEDICUS_VARIANT_MET_OVEREXPRESSION_TO_RAS_ERK_SIGNALING_PATHWAY,3.249345,KEGG_MEDICUS_REFERENCE_RECRUITMENT_AND_FORMATION_OF_THE_MCC,3.409372,KEGG_MEDICUS_REFERENCE_TRAPPI_RAB1_SIGNALING_PATHWAY,3.406731,KEGG_MEDICUS_PATHOGEN_SALMONELLA_SIFA_TO_MICROTUBULE_PLUS_END_DIRECTED_TRANSPORT,3.746675
93,KEGG_MEDICUS_REFERENCE_ORGANIZATION_OF_THE_INNER_KINETOCHORE,3.420539,KEGG_MEDICUS_REFERENCE_KINETOCHORE_FIBER_ORGANIZATION,3.247881,KEGG_MEDICUS_REFERENCE_PP2A_AKT_SIGNALING_PATHWAY,3.40743,KEGG_MEDICUS_REFERENCE_AREG_EGFR_RAS_ERK_SIGNALING_PATHWAY,3.370512,KEGG_MEDICUS_VARIANT_BCR_ABL_FUSION_KINASE_TO_RAS_ERK_SIGNALING_PATHWAY,3.686602
94,KEGG_MEDICUS_REFERENCE_PINK_PARKIN_MEDIATED_AUTOPHAGOSOME_FORMATION,3.386359,KEGG_MEDICUS_VARIANT_MUTATION_CAUSED_ABERRANT_PSEN1_TO_MGLUR5_CA2_APOPTOTIC_PATHWAY,3.233241,KEGG_MEDICUS_PATHOGEN_HBV_HBX_TO_RAS_ERK_SIGNALING_PATHWAY,3.402365,KEGG_MEDICUS_VARIANT_AMPLIFIED_EGFR_TO_RAS_ERK_SIGNALING_PATHWAY,3.355934,KEGG_MEDICUS_VARIANT_MUTATION_CAUSED_ABERRANT_ABETA_TO_ANTEROGRADE_AXONAL_TRANSPORT,3.672583
95,KEGG_MEDICUS_PATHOGEN_HBV_HBX_TO_RAS_ERK_SIGNALING_PATHWAY,3.379234,KEGG_MEDICUS_REFERENCE_TYPE_I_INTERFERON_TO_JAK_STAT_SIGNALING_PATHWAY,3.22536,KEGG_MEDICUS_VARIANT_MUTATION_INACTIVATED_SIGMAR1_TO_CA2_APOPTOTIC_PATHWAY,3.400955,KEGG_MEDICUS_REFERENCE_N_GLYCAN_PRECURSOR_BIOSYNTHESIS_GLC_6P_TO_MAN_P_DOL,3.32779,KEGG_MEDICUS_VARIANT_MUTATION_CAUSED_ABERRANT_HTT_TO_ANTEROGRADE_AXONAL_TRANSPORT,3.652932
96,KEGG_MEDICUS_REFERENCE_TYPE_II_INTERFERON_TO_JAK_STAT_SIGNALING_PATHWAY,3.369059,KEGG_MEDICUS_REFERENCE_N_GLYCAN_PRECURSOR_BIOSYNTHESIS_GLC_6P_TO_MAN_P_DOL,3.2059,KEGG_MEDICUS_REFERENCE_EGF_EGFR_RAS_ERK_SIGNALING_PATHWAY,3.389015,KEGG_MEDICUS_REFERENCE_EGF_ERBB2_RAS_ERK_SIGNALING_PATHWAY,3.30866,KEGG_MEDICUS_REFERENCE_ANTEROGRADE_AXONAL_TRANSPORT,3.624603
97,KEGG_MEDICUS_VARIANT_MET_OVEREXPRESSION_TO_RAS_ERK_SIGNALING_PATHWAY,3.345159,KEGG_MEDICUS_VARIANT_MUTATION_CAUSED_ABERRANT_SOD1_TO_PERK_ATF4_SIGNALING_PATHWAY,3.204896,KEGG_MEDICUS_REFERENCE_FANCONI_ANEMIA_PATHWAY,3.35092,KEGG_MEDICUS_VARIANT_MET_OVEREXPRESSION_TO_RAS_ERK_SIGNALING_PATHWAY,3.308234,KEGG_MEDICUS_VARIANT_MUTATION_ACTIVATED_KIT_TO_RAS_ERK_SIGNALING_PATHWAY,3.595203
98,KEGG_MEDICUS_REFERENCE_FANCONI_ANEMIA_PATHWAY,3.315264,KEGG_MEDICUS_REFERENCE_TRAPPI_RAB1_SIGNALING_PATHWAY,3.187029,KEGG_MEDICUS_VARIANT_BCR_ABL_FUSION_KINASE_TO_RAS_ERK_SIGNALING_PATHWAY,3.348318,KEGG_MEDICUS_REFERENCE_TYPE_I_INTERFERON_TO_JAK_STAT_SIGNALING_PATHWAY,3.303297,KEGG_MEDICUS_REFERENCE_KITLG_KIT_RAS_ERK_SIGNALING_PATHWAY,3.537608
99,KEGG_MEDICUS_REFERENCE_AUTOPHAGY_VESICLE_NUCLEATION_ELONGATION_MATURATION_MTORC1_PI3KC3_C1,3.303973,KEGG_MEDICUS_REFERENCE_MICROTUBULE_NUCLEATION,3.179395,KEGG_MEDICUS_REFERENCE_N_GLYCAN_PRECURSOR_BIOSYNTHESIS_GLC_6P_TO_MAN_P_DOL,3.346489,KEGG_MEDICUS_REFERENCE_TYPE_II_INTERFERON_TO_JAK_STAT_SIGNALING_PATHWAY,3.299229,KEGG_MEDICUS_PATHOGEN_HPV_E5_TO_EGFR_RAS_ERK_SIGNALING_PATHWAY,3.531348
